id,title,price,promo_price,url
3293593,Накидка на спинку автосиденья Babyton защитная с карманами 52807,249 ₽,169 ₽,https://www.detmir.ru/product/index/id/3293593/
3861612,Подложка под автокресло TPLUS T016273 TPLUS,1 653 ₽,561 ₽,https://www.detmir.ru/product/index/id/3861612/
2391971,Органайзер универсальный Babyton холодильник Чёрный,889 ₽,619 ₽,https://www.detmir.ru/product/index/id/2391971/
2260151,Органайзер универсальный Babyton PAD Чёрный,949 ₽,549 ₽,https://www.detmir.ru/product/index/id/2260151/
3498125,Органайзер AvtoTink в автомобиль под планшет,399 ₽,262 ₽,https://www.detmir.ru/product/index/id/3498125/
132362,Защитная накидка Витоша на спинку автомобильного сиденья с карманами,269 ₽,189 ₽,https://www.detmir.ru/product/index/id/132362/
3651255,Органайзер Bradex для автомобиля DE 1219 BRADEX,1 269 ₽,-,https://www.detmir.ru/product/index/id/3651255/
3861615,Органайзер на спинку сиденья TPLUS T015323 TPLUS,1 181 ₽,490 ₽,https://www.detmir.ru/product/index/id/3861615/
1925321,Органайзер универсальный Babyton 2 в 1 Чёрный,789 ₽,659 ₽,https://www.detmir.ru/product/index/id/1925321/
3867023,Органайзер АвтоБра на спинку с карманом под планшет АвтоБра,580 ₽,417 ₽,https://www.detmir.ru/product/index/id/3867023/
3459531,Органайзер BRADEX для автомобиля DE 1218,1 209 ₽,-,https://www.detmir.ru/product/index/id/3459531/
2406711,Накидка под автокресло Виталфарм (1-секционная) в ассортименте,279 ₽,-,https://www.detmir.ru/product/index/id/2406711/
3253387,Органайзер на автосиденье Babyton Черный 1392ОА20-1Ч,589 ₽,409 ₽,https://www.detmir.ru/product/index/id/3253387/
3788612,Органайзер Skip Hop в автомобиль Skip Hop,3 279 ₽,2 623 ₽,https://www.detmir.ru/product/index/id/3788612/
3271896,Шторка солнцезащитная Munchkin Brica Hot sun safety shades White 11046,1 189 ₽,989 ₽,https://www.detmir.ru/product/index/id/3271896/
4031122,Подложка под автокресло TPLUS T016272 TPLUS,969 ₽,436 ₽,https://www.detmir.ru/product/index/id/4031122/
2385861,Органайзер на автомобильное сиденье Diono Stow n Go Чёрный,1 359 ₽,799 ₽,https://www.detmir.ru/product/index/id/2385861/
3867025,Накладка на сиденье АвтоБра для защиты от грязных ног ребенка,410 ₽,268 ₽,https://www.detmir.ru/product/index/id/3867025/
3543680,Органайзер на спинку сиденья TPLUS T009319,869 ₽,237 ₽,https://www.detmir.ru/product/index/id/3543680/
3861616,Органайзер на спинку сиденья TPLUS T016750,1 536 ₽,442 ₽,https://www.detmir.ru/product/index/id/3861616/
3176236,Шторки солнцезащитные Nuovita Tenda Giraffe/Elephant NUO_171226-2_1715,999 ₽,729 ₽,https://www.detmir.ru/product/index/id/3176236/
3861613,Крепление для планшета TPLUS T016298 TPLUS,763 ₽,305 ₽,https://www.detmir.ru/product/index/id/3861613/
132242,Накидка защитная Витоша на спинку автомобильного сиденья,159 ₽,109 ₽,https://www.detmir.ru/product/index/id/132242/
3867027,Органайзер АвтоБра на спинку сиденья АвтоБра,640 ₽,446 ₽,https://www.detmir.ru/product/index/id/3867027/
3866741,Накладка на сиденье АвтоБра для защиты от грязных ног ребенка Эконом,246 ₽,177 ₽,https://www.detmir.ru/product/index/id/3866741/
3861611,Органайзер на спинку сиденья TPLUS T015342,1 940 ₽,776 ₽,https://www.detmir.ru/product/index/id/3861611/
3498126,Органайзер AvtoTink под планшет в машину AvtoTink,339 ₽,222 ₽,https://www.detmir.ru/product/index/id/3498126/
3865062,Крепление для планшета TPLUS T016299,773 ₽,331 ₽,https://www.detmir.ru/product/index/id/3865062/
3176237,Шторки солнцезащитные Nuovita Tenda Lion/Fox NUO_171226-1_1714,999 ₽,739 ₽,https://www.detmir.ru/product/index/id/3176237/
3477228,Накидка AvtoTink в автомобиль,315 ₽,-,https://www.detmir.ru/product/index/id/3477228/
3176235,Шторка солнцезащитная Nuovita Tenda Rotell NUO_180806_1716,1 699 ₽,1 249 ₽,https://www.detmir.ru/product/index/id/3176235/
3271897,Шторка солнцезащитная Munchkin Brica Hot sun safety shades 2шт White 11047,1 989 ₽,1 689 ₽,https://www.detmir.ru/product/index/id/3271897/
3176229,Набор для путешествий в автомобиле Nuovita Viaggio auto NUO_Car-02_1721,3 099 ₽,1 639 ₽,https://www.detmir.ru/product/index/id/3176229/
3477224,Органайзер AvtoTink в автомобиль,379 ₽,293 ₽,https://www.detmir.ru/product/index/id/3477224/
2565761,Защитные шторки Diono 2 шт Sun Stoppers,1 059 ₽,-,https://www.detmir.ru/product/index/id/2565761/
3452883,Накидка на сиденье AvtoTink 72005,239 ₽,-,https://www.detmir.ru/product/index/id/3452883/
3861614,Крепление для планшета TPLUS T015827,1 095 ₽,405 ₽,https://www.detmir.ru/product/index/id/3861614/
3740000,Фиксатор ремней безопасности SEVIBEBE для детского автокресла SEVIBEBE,919 ₽,404 ₽,https://www.detmir.ru/product/index/id/3740000/
3452890,Накладка на ремень AvtoTink в автомобиль серая,349 ₽,251 ₽,https://www.detmir.ru/product/index/id/3452890/
3184113,Шторка от солнца BENBAT Синий-Цветной,1 179 ₽,929 ₽,https://www.detmir.ru/product/index/id/3184113/
3865292,Органайзер дорожный Bradex детский с полкой DE 1221 BRADEX,2 169 ₽,-,https://www.detmir.ru/product/index/id/3865292/
3271894,Шторка солнцезащитная Munchkin Brica Smart shade 11040,1 659 ₽,1 409 ₽,https://www.detmir.ru/product/index/id/3271894/
3740014,Накладки на ремни безопасности SEVIBEBE для детского автокресла / коляски / рюкзака 2шт. в комплекте,1 229 ₽,503 ₽,https://www.detmir.ru/product/index/id/3740014/
3603247,Автомобильный знак Мультидом на присоске Ребёнок в машине Мультидом,249 ₽,-,https://www.detmir.ru/product/index/id/3603247/
3253386,Органайзер на автосиденье Babyton Звезды 1392ОА20-1З,589 ₽,419 ₽,https://www.detmir.ru/product/index/id/3253386/
3793017,Органайзер ROXY-KIDS многофункциональный на спинку переднего сиденья ROXY-KIDS,1 290 ₽,-,https://www.detmir.ru/product/index/id/3793017/
2999261,Шторка BENBAT солнцезащитная прямоугольная Синий-Цветной SS601,1 639 ₽,1 289 ₽,https://www.detmir.ru/product/index/id/2999261/
3257167,Комплект чехлов для спинки сиденья автомобиля Britax Roemer Kick Mats 2шт Черный,3 089 ₽,2 469 ₽,https://www.detmir.ru/product/index/id/3257167/
3452891,Накладка на ремень AvtoTink в автомобиль черная,349 ₽,-,https://www.detmir.ru/product/index/id/3452891/
3969090,Накидка под автокресло АвтоБра 5146,776 ₽,518 ₽,https://www.detmir.ru/product/index/id/3969090/
3740011,Накладки на ремни безопасности SEVIBEBE для детского автокресла / коляски / рюкзака 2шт. в комплекте,1 229 ₽,503 ₽,https://www.detmir.ru/product/index/id/3740011/
3271910,Шторка солнцезащитная Munchkin Brica стрейчевая на магнитах 51910,2 289 ₽,1 939 ₽,https://www.detmir.ru/product/index/id/3271910/
3452889,Органайзер AvtoTink на спинку сиденья 74010,279 ₽,192 ₽,https://www.detmir.ru/product/index/id/3452889/
3477230,Органайзер AvtoTink с карманом под бутылочки,525 ₽,-,https://www.detmir.ru/product/index/id/3477230/
3477229,Органайзер AvtoTink под планшет для мусора,299 ₽,240 ₽,https://www.detmir.ru/product/index/id/3477229/
1861181,Шторка для автомобиля Diono солнцезащитная 40280,949 ₽,-,https://www.detmir.ru/product/index/id/1861181/
3822701,Накидка-незапинайка Эврики на автомобильное кресло Кошечка Мари Эврики,292 ₽,233 ₽,https://www.detmir.ru/product/index/id/3822701/
3565850,Шторка Safety 1st Солнцезащитная рулонная для автомобиля 2 шт Серая Safety 1st,1 379 ₽,-,https://www.detmir.ru/product/index/id/3565850/
4047027,Защитная накидка на спинку ТРОКОТ TR2304,1 300 ₽,689 ₽,https://www.detmir.ru/product/index/id/4047027/
3452888,Органайзер AvtoTink на спинку сиденья 74004,299 ₽,227 ₽,https://www.detmir.ru/product/index/id/3452888/
3946594,Органайзер на спинку АвтоБра с карманами АвтоБра,470 ₽,338 ₽,https://www.detmir.ru/product/index/id/3946594/
3736672,Накидка на автокресло Disney Незапинайка Тачки Disney,292 ₽,233 ₽,https://www.detmir.ru/product/index/id/3736672/
2999248,Накладки на ремни BENBAT Жираф 2шт BP363,889 ₽,699 ₽,https://www.detmir.ru/product/index/id/2999248/
3740013,Накладки на ремни безопасности SEVIBEBE для детского автокресла / коляски / рюкзака 2шт. в комплекте,1 229 ₽,503 ₽,https://www.detmir.ru/product/index/id/3740013/
3741718,Органайзер СПОРТБЭБИ на автомобильное сиденье с креплением для планшета СПОРТБЭБИ,868 ₽,589 ₽,https://www.detmir.ru/product/index/id/3741718/
2999245,Шторки BENBAT солнцезащитные овальные 2шт Синий-Цветной SS602,2 139 ₽,1 689 ₽,https://www.detmir.ru/product/index/id/2999245/
3184112,Накладки на ремни BENBAT Пчела 1-4года 2шт,889 ₽,699 ₽,https://www.detmir.ru/product/index/id/3184112/
3184110,Накладки на ремни BENBAT Лягушка 0-12месяцев 2шт,1 359 ₽,1 059 ₽,https://www.detmir.ru/product/index/id/3184110/
3865363,Накладка Bradex на ремень безопасности голубая DE 1224 BRADEX,479 ₽,-,https://www.detmir.ru/product/index/id/3865363/
4046995,Защитная накидка на спинку ТРОКОТ TR2302,1 300 ₽,689 ₽,https://www.detmir.ru/product/index/id/4046995/
4047028,Защитная накидка на спинку ТРОКОТ TR2305,1 300 ₽,689 ₽,https://www.detmir.ru/product/index/id/4047028/
3846825,Защитный коврик Munchkin Brica на спинку передних автомобильных сидений Deluxe Kick Mat Munchkin,950 ₽,665 ₽,https://www.detmir.ru/product/index/id/3846825/
3184111,Накладки на ремни BENBAT Гусеница 1-4года 2шт,1 029 ₽,589 ₽,https://www.detmir.ru/product/index/id/3184111/
3985308,Накидка защитная sole tempo на спинку автосидения conforto ПВХ sole tempo,341 ₽,289 ₽,https://www.detmir.ru/product/index/id/3985308/
4083830,Органайзер Uniglodis для спинки сиденья авто,990 ₽,277 ₽,https://www.detmir.ru/product/index/id/4083830/
3477231,Органайзер AvtoTink в автомобиль,299 ₽,255 ₽,https://www.detmir.ru/product/index/id/3477231/
315731,Накладка для автосидения Clippasafe Прозрачная,519 ₽,"222,67 ₽",https://www.detmir.ru/product/index/id/315731/
4074006,Органайзер на спинку сиденья TPLUS T009313,869 ₽,434 ₽,https://www.detmir.ru/product/index/id/4074006/
3940110,Накидка защитная ROXY-KIDS на спинку переднего автомобильного сиденья ROXY-KIDS на спинку переднего автомобильного сиденья,269 ₽,-,https://www.detmir.ru/product/index/id/3940110/
2797251,Органайзер на автомобильное сиденье Смешарики с Нюшей Розовый,829 ₽,-,https://www.detmir.ru/product/index/id/2797251/
2999249,Накладки на ремни BENBAT Мышка BP237,1 029 ₽,769 ₽,https://www.detmir.ru/product/index/id/2999249/
3147837,Шторки от солнца Britax Roemer EZ-cling 2шт 2000009539,2 089 ₽,-,https://www.detmir.ru/product/index/id/3147837/
3271895,Шторка солнцезащитная Munchkin Brica Stretch to fit shade 11041,1 419 ₽,1 199 ₽,https://www.detmir.ru/product/index/id/3271895/
3861421,Чехол BeSafe Tablet and Seat Cover защитный 505167,5 139 ₽,-,https://www.detmir.ru/product/index/id/3861421/
3861422,Шторка солнцезащитная BeSafe 2шт 10010177,1 649 ₽,-,https://www.detmir.ru/product/index/id/3861422/
